{
  "timestamp": "2025-12-10T23:35:58.991557",
  "overall": {
    "r2": 0.6070268195188089,
    "rmse": 9.709724165830547,
    "mae": 7.287604173219058,
    "mape": 28.59276778678946,
    "bias": -2.739882670250043,
    "max_error": 69.17917146876901,
    "correlation": 0.8035608720235903,
    "p_value": 0.0,
    "n_samples": 25176
  },
  "per_timestep": {
    "Step 1": {
      "r2": 0.6070268195188089,
      "rmse": 9.709724165830547,
      "mae": 7.287604173219058,
      "mape": 28.59276778678946,
      "bias": -2.739882670250043,
      "max_error": 69.17917146876901,
      "correlation": 0.8035608720235903,
      "p_value": 0.0,
      "n_samples": 25176
    }
  }
}